{
    "nro_certificado": "MT-4036-2024",
    "u_NV0": [
        0.0022149115858953227,
        "L"
    ],
    "u_tRS": [
        0.023221858064589013,
        "°C"
    ],
    "u_tSCM": [
        0.023447859483798537,
        "°C"
    ],
    "u_gammaRS": [
        2.59e-06,
        "1/°C"
    ],
    "u_gammaSCM": [
        1.6500000000000003e-06,
        "1/°C"
    ],
    "u_beta": [
        2e-06,
        "1/°C"
    ],
    "u_deltaV": [
        1.6802777548171414e-05,
        "L"
    ],
    "u_deltaVmen": [
        0.0036298578528373643,
        "L"
    ],
    "u_deltaVrep": [
        0.0,
        "L"
    ],
    "u_deltaVadd": [
        0.0013896325886947373,
        "L"
    ],
    "deltaVt_deltaNV0": 1.0000004370944593,
    "deltaVt_deltatRS": [
        -0.002946245515823974,
        "L/°C"
    ],
    "deltaVt_deltatSCM": [
        0.0033020768758239743,
        "L/°C"
    ],
    "deltaVt_deltagammaRS": [
        0.4400518217926543,
        "L°C"
    ],
    "deltaVt_deltagammaSCM": [
        -0.4400518217926543,
        "L°C"
    ],
    "deltaVt_deltabeta": [
        0.0,
        "L°C"
    ],
    "deltaVt_deltadeltaV": 1,
    "deltaVt_deltadeltaVmen": 1,
    "deltaVt_deltadeltaVrep": 1,
    "deltaVt_deltadeltaVadd": 1,
    "u1": 0.0022149125540209045,
    "u2": -6.841729519189616e-05,
    "u3": 7.742663458902102e-05,
    "u4": 1.1397342184429746e-06,
    "u5": -7.260855059578797e-07,
    "u6": 0.0,
    "u7": 1.6802777548171414e-05,
    "u8": 0.0036298578528373643,
    "u9": 0.0,
    "u10": 0.0013896325886947373,
    "u_unidad": "L",
    "uu_Vt": [
        0.004474789867119982,
        "L"
    ],
    "k": 2,
    "U_Vt": [
        0.008949579734239963,
        "L"
    ]
}